"NDB_No","Nutrient_Code","Nutrient_name","Derivation_Code","Output_value","Output_uom"
"45127487","203","Protein","LCGA","4.3","g"
"45127487","204","Total lipid (fat)","LCGA","18.9","g"
"45127487","205","Carbohydrate, by difference","LCGA","72.8","g"
"45127487","207","Ash","LCGA","2.0","g"
"45127487","255","Water","LCGA","2.0","g"
"45127487","269","Sugars, total","LCGA","39.3","g"
"45127487","291","Fiber, total dietary","LCGA","2.5","g"
"45127487","295","Fiber, soluble","LCGA","0.0","g"
"45127487","297","Fiber, insoluble","LCGA","1.0","g"
"45127487","301","Calcium, Ca","LCGA","28.0","mg"
"45127487","303","Iron, Fe","LCGA","1.6","mg"
"45127487","304","Magnesium, Mg","LCGA","28.0","mg"
"45127487","305","Phosphorus, P","LCGA","71.0","mg"
"45127487","306","Potassium, K","LCGA","291.0","mg"
"45127487","307","Sodium, Na","LCGA","353.0","mg"
"45127487","309","Zinc, Zn","LCGA","0.3","mg"
"45127487","318","Vitamin A, IU","LCGA","40.0","IU"
"45127487","324","Vitamin D","LCGA","1.0","IU"
"45127487","401","Vitamin C, total ascorbic acid","LCGA","1.0","mg"
"45127487","404","Thiamin","LCGA","0.0","mg"
"45127487","405","Riboflavin","LCGA","0.19","mg"
"45127487","406","Niacin","LCGA","2.1","mg"
"45127487","415","Vitamin B-6","LCGA","0.01","mg"
"45127487","417","Folate, total","LCGA","66.0","mcg"
"45127487","601","Cholesterol","LCGA","0.0","mg"
"45127487","605","Fatty acids, total trans","LCGA","0.4","g"
"45127487","606","Fatty acids, total saturated","LCGA","13.2","g"
"45127487","645","Fatty acids, total monounsaturated","LCGA","1.9","g"
"45127487","646","Fatty acids, total polyunsaturated","LCGA","3.2","g"
"45128706","203","Protein","LCGA","10.1","g"
"45128706","204","Total lipid (fat)","LCGA","8.5","g"
"45128706","205","Carbohydrate, by difference","LCGA","76.4","g"
"45128706","207","Ash","LCGA","2.5","g"
"45128706","208","Energy","LCGA","416.0","kcal"
"45128706","255","Water","LCGA","2.5","g"
"45128706","269","Sugars, total","LCGA","3.0","g"
"45128706","291","Fiber, total dietary","LCGA","2.7","g"
"45128706","295","Fiber, soluble","LCGA","1.0","g"
"45128706","297","Fiber, insoluble","LCGA","2.0","g"
"45128706","301","Calcium, Ca","LCGA","17.0","mg"
"45128706","303","Iron, Fe","LCGA","4.7","mg"
"45128706","304","Magnesium, Mg","LCGA","22.0","mg"
"45128706","305","Phosphorus, P","LCGA","107.0","mg"
"45128706","306","Potassium, K","LCGA","106.0","mg"
"45128706","307","Sodium, Na","LCGA","1495.0","mg"
"45128706","309","Zinc, Zn","LCGA","0.7","mg"
"45128706","318","Vitamin A, IU","LCGA","0.0","IU"
"45128706","324","Vitamin D","LCGA","0.0","IU"
"45128706","340","Vitamin E (label entry primarily)","LCGA","0.0","IU"
"45128706","401","Vitamin C, total ascorbic acid","LCGA","0.0","mg"
"45128706","404","Thiamin","LCGA","1.0","mg"
"45128706","405","Riboflavin","LCGA","0.48","mg"
"45128706","406","Niacin","LCGA","5.8","mg"
"45128706","415","Vitamin B-6","LCGA","0.04","mg"
"45128706","417","Folate, total","LCGA","153.0","mcg"
"45128706","418","Vitamin B-12","LCGA","0.0","mcg"
"45128706","601","Cholesterol","LCGA","0.0","mg"
"45128706","605","Fatty acids, total trans","LCGA","0.1","g"
"45128706","606","Fatty acids, total saturated","LCGA","1.3","g"
"45128706","645","Fatty acids, total monounsaturated","LCGA","1.9","g"
"45128706","646","Fatty acids, total polyunsaturated","LCGA","4.8","g"
"45129911","203","Protein","LCGA","3.0","g"
"45129911","204","Total lipid (fat)","LCGA","10.2","g"
"45129911","205","Carbohydrate, by difference","LCGA","77.0","g"
"45129911","207","Ash","LCGA","1.8","g"
"45129911","255","Water","LCGA","8.0","g"
"45129911","269","Sugars, total","LCGA","34.6","g"
"45129911","291","Fiber, total dietary","LCGA","0.2","g"
"45129911","295","Fiber, soluble","LCGA","0.0","g"
"45129911","297","Fiber, insoluble","LCGA","0.0","g"
"45129911","301","Calcium, Ca","LCGA","6.0","mg"
"45129911","303","Iron, Fe","LCGA","1.6","mg"
"45129911","304","Magnesium, Mg","LCGA","12.0","mg"
"45129911","305","Phosphorus, P","LCGA","38.0","mg"
"45129911","306","Potassium, K","LCGA","32.0","mg"
"45129911","307","Sodium, Na","LCGA","472.0","mg"
"45129911","309","Zinc, Zn","LCGA","0.4","mg"
"45129911","318","Vitamin A, IU","LCGA","909.0","IU"
"45129911","324","Vitamin D","LCGA","36.0","IU"
"45129911","401","Vitamin C, total ascorbic acid","LCGA","0.0","mg"
"45129911","404","Thiamin","LCGA","1.0","mg"
"45129911","405","Riboflavin","LCGA","0.77","mg"
"45129911","406","Niacin","LCGA","9.1","mg"
"45129911","415","Vitamin B-6","LCGA","0.9","mg"
"45129911","417","Folate, total","LCGA","109.0","mcg"
"45129911","601","Cholesterol","LCGA","0.0","mg"
"45129911","605","Fatty acids, total trans","LCGA","0.2","g"
"45129911","606","Fatty acids, total saturated","LCGA","2.6","g"
"45129911","645","Fatty acids, total monounsaturated","LCGA","1.9","g"
"45129911","646","Fatty acids, total polyunsaturated","LCGA","4.6","g"
"45129186","203","Protein","LCGE","11.0","g"
"45129186","204","Total lipid (fat)","LCGE","8.0","g"
"45129186","205","Carbohydrate, by difference","LCGE","1.0","g"
"45129186","269","Sugars, total","LCGE","1.0","g"
"45129186","291","Fiber, total dietary","LCGE","0.0","g"
"45129186","307","Sodium, Na","LCGE","410.0","mg"
"45129186","401","Vitamin C, total ascorbic acid","LCGE","0.0","mg"
"45129186","601","Cholesterol","LCGE","45.0","mg"
"45129186","605","Fatty acids, total trans","LCGE","0.0","g"
"45129186","606","Fatty acids, total saturated","LCGE","2.0","g"
"45129160","203","Protein","LCGE","12.0","g"
"45129160","204","Total lipid (fat)","LCGE","7.0","g"
"45129160","205","Carbohydrate, by difference","LCGE","1.0","g"
"45129160","269","Sugars, total","LCGE","1.0","g"
"45129160","291","Fiber, total dietary","LCGE","0.0","g"
"45129160","307","Sodium, Na","LCGE","370.0","mg"
"45129160","401","Vitamin C, total ascorbic acid","LCGE","0.0","mg"
"45129160","601","Cholesterol","LCGE","45.0","mg"
"45129160","605","Fatty acids, total trans","LCGE","0.0","g"
"45129160","606","Fatty acids, total saturated","LCGE","2.0","g"
"45128734","203","Protein","LCGA","17.1","g"
"45128734","204","Total lipid (fat)","LCGA","5.9","g"
"45128734","205","Carbohydrate, by difference","LCGA","15.3","g"
"45128734","207","Ash","LCGA","2.4","g"
"45128734","255","Water","LCGA","59.3","g"
"45128734","269","Sugars, total","LCGA","1.6","g"
"45128734","291","Fiber, total dietary","LCGA","4.1","g"
"45128734","295","Fiber, soluble","LCGA","1.0","g"
"45128734","297","Fiber, insoluble","LCGA","3.0","g"
"45128734","301","Calcium, Ca","LCGA","66.0","mg"
"45128734","303","Iron, Fe","LCGA","1.3","mg"
"45128734","304","Magnesium, Mg","LCGA","12.0","mg"
"45128734","305","Phosphorus, P","LCGA","60.0","mg"
"45128734","306","Potassium, K","LCGA","224.0","mg"
"45128734","307","Sodium, Na","LCGA","616.0","mg"
"45128734","309","Zinc, Zn","LCGA","0.3","mg"
"45128734","318","Vitamin A, IU","LCGA","0.0","IU"
"45128734","324","Vitamin D","LCGA","2.0","IU"
"45128734","340","Vitamin E (label entry primarily)","LCGA","0.0","IU"
"45128734","401","Vitamin C, total ascorbic acid","LCGA","0.0","mg"
"45128734","404","Thiamin","LCGA","0.0","mg"
"45128734","405","Riboflavin","LCGA","0.22","mg"
"45128734","406","Niacin","LCGA","0.7","mg"
"45128734","415","Vitamin B-6","LCGA","0.02","mg"
"45128734","417","Folate, total","LCGA","6.0","mcg"
"45128734","418","Vitamin B-12","LCGA","0.3","mcg"
"45128734","601","Cholesterol","LCGA","1.0","mg"
"45128734","605","Fatty acids, total trans","LCGA","0.0","g"
"45128734","606","Fatty acids, total saturated","LCGA","0.9","g"
"45128734","645","Fatty acids, total monounsaturated","LCGA","1.7","g"
"45128734","646","Fatty acids, total polyunsaturated","LCGA","3.0","g"
"45129281","203","Protein","LCGE","12.0","g"
"45129281","204","Total lipid (fat)","LCGE","7.0","g"
"45129281","205","Carbohydrate, by difference","LCGE","1.0","g"
"45129281","269","Sugars, total","LCGE","0.0","g"
"45129281","291","Fiber, total dietary","LCGE","0.0","g"
"45129281","307","Sodium, Na","LCGE","470.0","mg"
"45129281","401","Vitamin C, total ascorbic acid","LCGE","0.0","mg"
"45129281","601","Cholesterol","LCGE","45.0","mg"
"45129281","605","Fatty acids, total trans","LCGE","0.0","g"
"45129281","606","Fatty acids, total saturated","LCGE","2.0","g"
"45244065","203","Protein","LCGA","7.4","g"
"45244065","204","Total lipid (fat)","LCGA","16.3","g"
"45244065","205","Carbohydrate, by difference","LCGA","72.0","g"
"45244065","207","Ash","LCGA","2.6","g"
"45244065","255","Water","LCGA","2.0","g"
"45244065","269","Sugars, total","LCGA","26.5","g"
"45244065","291","Fiber, total dietary","LCGA","3.9","g"
"45244065","295","Fiber, soluble","LCGA","1.0","g"
"45244065","297","Fiber, insoluble","LCGA","2.0","g"
"45244065","301","Calcium, Ca","LCGA","18.0","mg"
"45244065","303","Iron, Fe","LCGA","5.2","mg"
"45244065","304","Magnesium, Mg","LCGA","67.0","mg"
"45244065","305","Phosphorus, P","LCGA","132.0","mg"
"45244065","306","Potassium, K","LCGA","247.0","mg"
"45244065","307","Sodium, Na","LCGA","619.0","mg"
"45244065","309","Zinc, Zn","LCGA","0.4","mg"
"45244065","318","Vitamin A, IU","LCGA","5.0","IU"
"45244065","401","Vitamin C, total ascorbic acid","LCGA","1.0","mg"
"45244065","404","Thiamin","LCGA","0.0","mg"
"45244065","405","Riboflavin","LCGA","0.31","mg"
"45244065","406","Niacin","LCGA","4.1","mg"
"45244065","415","Vitamin B-6","LCGA","0.02","mg"
"45244065","417","Folate, total","LCGA","85.0","mcg"
"45244065","601","Cholesterol","LCGA","0.0","mg"
"45244065","605","Fatty acids, total trans","LCGA","0.21","g"
"45244065","606","Fatty acids, total saturated","LCGA","5.7","g"
"45244065","645","Fatty acids, total monounsaturated","LCGA","3.8","g"
"45244065","646","Fatty acids, total polyunsaturated","LCGA","5.6","g"
"45127542","203","Protein","LCGA","3.6","g"
"45127542","204","Total lipid (fat)","LCGA","0.2","g"
"45127542","205","Carbohydrate, by difference","LCGA","75.2","g"
"45127542","207","Ash","LCGA","2.0","g"
"45127542","255","Water","LCGA","19.0","g"
"45127542","269","Sugars, total","LCGA","51.7","g"
"45127542","291","Fiber, total dietary","LCGA","0.2","g"
"45127542","295","Fiber, soluble","LCGA","0.0","g"
"45127542","297","Fiber, insoluble","LCGA","0.0","g"
"45127542","301","Calcium, Ca","LCGA","8.0","mg"
"45127542","303","Iron, Fe","LCGA","0.2","mg"
"45127542","304","Magnesium, Mg","LCGA","0.0","mg"
"45127542","305","Phosphorus, P","LCGA","8.0","mg"
"45127542","306","Potassium, K","LCGA","1.0","mg"
"45127542","307","Sodium, Na","LCGA","16.0","mg"
"45127542","309","Zinc, Zn","LCGA","0.0","mg"
"45127542","318","Vitamin A, IU","LCGA","16.0","IU"
"45127542","324","Vitamin D","LCGA","0.0","IU"
"45127542","340","Vitamin E (label entry primarily)","LCGA","0.0","IU"
"45127542","401","Vitamin C, total ascorbic acid","LCGA","273.0","mg"
"45127542","404","Thiamin","LCGA","0.0","mg"
"45127542","405","Riboflavin","LCGA","0.01","mg"
"45127542","406","Niacin","LCGA","0.1","mg"
"45127542","415","Vitamin B-6","LCGA","0.0","mg"
"45127542","417","Folate, total","LCGA","0.0","mcg"
"45127542","418","Vitamin B-12","LCGA","0.0","mcg"
"45127542","601","Cholesterol","LCGA","0.0","mg"
"45127542","605","Fatty acids, total trans","LCGA","0.0","g"
"45127542","606","Fatty acids, total saturated","LCGA","0.2","g"
"45127542","645","Fatty acids, total monounsaturated","LCGA","0.0","g"
"45127542","646","Fatty acids, total polyunsaturated","LCGA","0.0","g"
"45129132","203","Protein","LCGE","23.0","g"
"45129132","204","Total lipid (fat)","LCGE","2.5","g"
"45129132","205","Carbohydrate, by difference","LCGE","1.0","g"
"45129132","269","Sugars, total","LCGE","1.0","g"
"45129132","291","Fiber, total dietary","LCGE","0.0","g"
"45129132","307","Sodium, Na","LCGE","430.0","mg"
"45129132","401","Vitamin C, total ascorbic acid","LCGE","0.0","mg"
"45129132","601","Cholesterol","LCGE","60.0","mg"
"45129132","605","Fatty acids, total trans","LCGE","0.0","g"
"45129132","606","Fatty acids, total saturated","LCGE","0.5","g"
"45127538","203","Protein","LCGA","4.0","g"
"45127538","204","Total lipid (fat)","LCGA","9.7","g"
"45127538","205","Carbohydrate, by difference","LCGA","72.8","g"
"45127538","207","Ash","LCGA","0.8","g"
"45127538","255","Water","LCGA","12.8","g"
"45127538","269","Sugars, total","LCGA","31.4","g"
"45127538","291","Fiber, total dietary","LCGA","1.3","g"
"45127538","295","Fiber, soluble","LCGA","1.0","g"
"45127538","297","Fiber, insoluble","LCGA","0.0","g"
"45127538","301","Calcium, Ca","LCGA","12.0","mg"
"45127538","303","Iron, Fe","LCGA","3.5","mg"
"45127538","304","Magnesium, Mg","LCGA","6.0","mg"
"45127538","305","Phosphorus, P","LCGA","46.0","mg"
"45127538","306","Potassium, K","LCGA","54.0","mg"
"45127538","307","Sodium, Na","LCGA","323.0","mg"
"45127538","309","Zinc, Zn","LCGA","0.3","mg"
"45127538","318","Vitamin A, IU","LCGA","962.0","IU"
"45127538","324","Vitamin D","LCGA","0.0","IU"
"45127538","340","Vitamin E (label entry primarily)","LCGA","0.0","IU"
"45127538","401","Vitamin C, total ascorbic acid","LCGA","0.0","mg"
"45127538","404","Thiamin","LCGA","0.0","mg"
"45127538","405","Riboflavin","LCGA","0.33","mg"
"45127538","406","Niacin","LCGA","3.8","mg"
"45127538","415","Vitamin B-6","LCGA","0.38","mg"
"45127538","417","Folate, total","LCGA","63.0","mcg"
"45127538","418","Vitamin B-12","LCGA","0.0","mcg"
"45127538","601","Cholesterol","LCGA","0.0","mg"
"45127538","605","Fatty acids, total trans","LCGA","0.1","g"
"45127538","606","Fatty acids, total saturated","LCGA","3.1","g"
"45127538","645","Fatty acids, total monounsaturated","LCGA","2.1","g"
"45127538","646","Fatty acids, total polyunsaturated","LCGA","3.6","g"
"45129129","203","Protein","LCGE","28.0","g"
"45129129","204","Total lipid (fat)","LCGE","0.5","g"
"45129129","205","Carbohydrate, by difference","LCGE","0.0","g"
"45129129","269","Sugars, total","LCGE","0.0","g"
"45129129","291","Fiber, total dietary","LCGE","0.0","g"
"45129129","307","Sodium, Na","LCGE","55.0","mg"
"45129129","401","Vitamin C, total ascorbic acid","LCGE","0.0","mg"
"45129129","601","Cholesterol","LCGE","70.0","mg"
"45129129","605","Fatty acids, total trans","LCGE","0.0","g"
"45129129","606","Fatty acids, total saturated","LCGE","0.0","g"
"45129128","203","Protein","LCGE","28.0","g"
"45129128","204","Total lipid (fat)","LCGE","0.5","g"
"45129128","205","Carbohydrate, by difference","LCGE","0.0","g"
"45129128","269","Sugars, total","LCGE","0.0","g"
"45129128","291","Fiber, total dietary","LCGE","0.0","g"
"45129128","307","Sodium, Na","LCGE","55.0","mg"
"45129128","401","Vitamin C, total ascorbic acid","LCGE","0.0","mg"
"45129128","601","Cholesterol","LCGE","70.0","mg"
"45129128","605","Fatty acids, total trans","LCGE","0.0","g"
"45129128","606","Fatty acids, total saturated","LCGE","0.0","g"
"45129127","203","Protein","LCGE","23.0","g"
"45129127","204","Total lipid (fat)","LCGE","9.0","g"
"45129127","205","Carbohydrate, by difference","LCGE","0.0","g"
"45129127","269","Sugars, total","LCGE","0.0","g"
"45129127","291","Fiber, total dietary","LCGE","0.0","g"
"45129127","301","Calcium, Ca","LCGE","0.0","mg"
"45129127","307","Sodium, Na","LCGE","125.0","mg"
"45129127","401","Vitamin C, total ascorbic acid","LCGE","0.0","mg"
"45129127","601","Cholesterol","LCGE","65.0","mg"
"45129127","605","Fatty acids, total trans","LCGE","0.0","g"
"45129127","606","Fatty acids, total saturated","LCGE","2.5","g"
"45127713","203","Protein","LCGA","1.9","g"
"45127713","204","Total lipid (fat)","LCGA","0.4","g"
"45127713","205","Carbohydrate, by difference","LCGA","82.6","g"
"45127713","207","Ash","LCGA","0.8","g"
"45127713","255","Water","LCGA","14.3","g"
"45127713","269","Sugars, total","LCGA","69.6","g"
"45127713","291","Fiber, total dietary","LCGA","6.8","g"
"45127713","295","Fiber, soluble","LCGA","0.0","g"
"45127713","297","Fiber, insoluble","LCGA","0.0","g"
"45127713","301","Calcium, Ca","LCGA","22.0","mg"
"45127713","303","Iron, Fe","LCGA","1.7","mg"
"45127713","304","Magnesium, Mg","LCGA","0.0","mg"
"45127713","305","Phosphorus, P","LCGA","4.0","mg"
"45127713","306","Potassium, K","LCGA","108.0","mg"
"45127713","307","Sodium, Na","LCGA","21.0","mg"
"45127713","309","Zinc, Zn","LCGA","0.0","mg"
"45127713","318","Vitamin A, IU","LCGA","205.0","IU"
"45127713","324","Vitamin D","LCGA","0.0","IU"
"45127713","340","Vitamin E (label entry primarily)","LCGA","0.0","IU"
"45127713","401","Vitamin C, total ascorbic acid","LCGA","13.0","mg"
"45127713","404","Thiamin","LCGA","0.0","mg"
"45127713","405","Riboflavin","LCGA","0.0","mg"
"45127713","406","Niacin","LCGA","0.0","mg"
"45127713","415","Vitamin B-6","LCGA","0.0","mg"
"45127713","417","Folate, total","LCGA","0.0","mcg"
"45127713","418","Vitamin B-12","LCGA","0.0","mcg"
"45127713","601","Cholesterol","LCGA","0.0","mg"
"45127713","605","Fatty acids, total trans","LCGA","0.0","g"
"45127713","606","Fatty acids, total saturated","LCGA","0.0","g"
"45127713","645","Fatty acids, total monounsaturated","LCGA","0.0","g"
"45127713","646","Fatty acids, total polyunsaturated","LCGA","0.0","g"
"45127931","203","Protein","LCGA","20.4","g"
"45127931","204","Total lipid (fat)","LCGA","3.6","g"
"45127931","205","Carbohydrate, by difference","LCGA","70.3","g"
"45127931","207","Ash","LCGA","2.7","g"
"45127931","255","Water","LCGA","3.0","g"
"45127931","269","Sugars, total","LCGA","15.3","g"
"45127931","291","Fiber, total dietary","LCGA","18.1","g"
"45127931","295","Fiber, soluble","LCGA","1.0","g"
"45127931","297","Fiber, insoluble","LCGA","18.0","g"
"45127931","301","Calcium, Ca","LCGA","75.0","mg"
"45127931","303","Iron, Fe","LCGA","3.9","mg"
"45127931","304","Magnesium, Mg","LCGA","62.0","mg"
"45127931","305","Phosphorus, P","LCGA","176.0","mg"
"45127931","306","Potassium, K","LCGA","536.0","mg"
"45127931","307","Sodium, Na","LCGA","214.0","mg"
"45127931","309","Zinc, Zn","LCGA","0.3","mg"
"45127931","318","Vitamin A, IU","LCGA","12.0","IU"
"45127931","324","Vitamin D","LCGA","0.0","IU"
"45127931","340","Vitamin E (label entry primarily)","LCGA","0.0","IU"
"45127931","401","Vitamin C, total ascorbic acid","LCGA","0.0","mg"
"45127931","404","Thiamin","LCGA","0.0","mg"
"45127931","405","Riboflavin","LCGA","0.03","mg"
"45127931","406","Niacin","LCGA","1.3","mg"
"45127931","415","Vitamin B-6","LCGA","0.05","mg"
"45127931","417","Folate, total","LCGA","12.0","mcg"
"45127931","418","Vitamin B-12","LCGA","0.0","mcg"
"45127931","601","Cholesterol","LCGA","0.0","mg"
"45127931","605","Fatty acids, total trans","LCGA","0.0","g"
"45127931","606","Fatty acids, total saturated","LCGA","0.6","g"
"45127931","645","Fatty acids, total monounsaturated","LCGA","0.6","g"
"45127931","646","Fatty acids, total polyunsaturated","LCGA","1.7","g"
"45128656","203","Protein","LCGA","10.1","g"
"45128656","204","Total lipid (fat)","LCGA","2.1","g"
"45128656","205","Carbohydrate, by difference","LCGA","80.0","g"
"45128656","207","Ash","LCGA","4.8","g"
"45128656","255","Water","LCGA","3.0","g"
"45128656","269","Sugars, total","LCGA","16.1","g"
"45128656","291","Fiber, total dietary","LCGA","10.0","g"
"45128656","295","Fiber, soluble","LCGA","2.0","g"
"45128656","297","Fiber, insoluble","LCGA","8.0","g"
"45128656","301","Calcium, Ca","LCGA","36.0","mg"
"45128656","303","Iron, Fe","LCGA","3.3","mg"
"45128656","304","Magnesium, Mg","LCGA","115.0","mg"
"45128656","305","Phosphorus, P","LCGA","331.0","mg"
"45128656","306","Potassium, K","LCGA","307.0","mg"
"45128656","307","Sodium, Na","LCGA","193.0","mg"
"45128656","309","Zinc, Zn","LCGA","3.4","mg"
"45128656","318","Vitamin A, IU","LCGA","1.0","IU"
"45128656","324","Vitamin D","LCGA","0.0","IU"
"45128656","340","Vitamin E (label entry primarily)","LCGA","0.0","IU"
"45128656","401","Vitamin C, total ascorbic acid","LCGA","0.0","mg"
"45128656","404","Thiamin","LCGA","0.0","mg"
"45128656","405","Riboflavin","LCGA","0.0","mg"
"45128656","406","Niacin","LCGA","0.0","mg"
"45128656","415","Vitamin B-6","LCGA","0.0","mg"
"45128656","417","Folate, total","LCGA","0.0","mcg"
"45128656","418","Vitamin B-12","LCGA","0.0","mcg"
"45128656","601","Cholesterol","LCGA","0.0","mg"
"45128656","605","Fatty acids, total trans","LCGA","0.0","g"
"45128656","606","Fatty acids, total saturated","LCGA","0.5","g"
"45128656","645","Fatty acids, total monounsaturated","LCGA","0.5","g"
"45128656","646","Fatty acids, total polyunsaturated","LCGA","1.0","g"
"45128504","203","Protein","LCGA","7.9","g"
"45128504","204","Total lipid (fat)","LCGA","4.3","g"
"45128504","205","Carbohydrate, by difference","LCGA","82.6","g"
"45128504","207","Ash","LCGA","2.2","g"
"45128504","255","Water","LCGA","3.0","g"
"45128504","269","Sugars, total","LCGA","29.2","g"
"45128504","291","Fiber, total dietary","LCGA","9.0","g"
"45128504","295","Fiber, soluble","LCGA","1.0","g"
"45128504","297","Fiber, insoluble","LCGA","8.0","g"
"45128504","301","Calcium, Ca","LCGA","35.0","mg"
"45128504","303","Iron, Fe","LCGA","27.0","mg"
"45128504","304","Magnesium, Mg","LCGA","75.0","mg"
"45128504","305","Phosphorus, P","LCGA","207.0","mg"
"45128504","306","Potassium, K","LCGA","259.0","mg"
"45128504","307","Sodium, Na","LCGA","559.0","mg"
"45128504","309","Zinc, Zn","LCGA","1.6","mg"
"45128504","318","Vitamin A, IU","LCGA","2500.0","IU"
"45128504","324","Vitamin D","LCGA","133.0","IU"
"45128504","340","Vitamin E (label entry primarily)","LCGA","2.0","IU"
"45128504","401","Vitamin C, total ascorbic acid","LCGA","70.0","mg"
"45128504","404","Thiamin","LCGA","2.0","mg"
"45128504","405","Riboflavin","LCGA","1.98","mg"
"45128504","406","Niacin","LCGA","23.3","mg"
"45128504","415","Vitamin B-6","LCGA","2.33","mg"
"45128504","417","Folate, total","LCGA","467.0","mcg"
"45128504","418","Vitamin B-12","LCGA","7.0","mcg"
"45128504","601","Cholesterol","LCGA","0.0","mg"
"45128504","605","Fatty acids, total trans","LCGA","0.0","g"
"45128504","606","Fatty acids, total saturated","LCGA","0.5","g"
"45128504","645","Fatty acids, total monounsaturated","LCGA","2.2","g"
"45128504","646","Fatty acids, total polyunsaturated","LCGA","1.2","g"
"45129469","203","Protein","LCGA","15.0","g"
"45129469","204","Total lipid (fat)","LCGA","8.4","g"
"45129469","205","Carbohydrate, by difference","LCGA","63.3","g"
"45129469","207","Ash","LCGA","4.8","g"
"45129469","255","Water","LCGA","8.5","g"
"45129469","269","Sugars, total","LCGA","22.4","g"
"45129469","291","Fiber, total dietary","LCGA","9.3","g"
"45129469","295","Fiber, soluble","LCGA","2.0","g"
"45129469","297","Fiber, insoluble","LCGA","7.0","g"
"45129469","301","Calcium, Ca","LCGA","385.0","mg"
"45129469","303","Iron, Fe","LCGA","10.4","mg"
"45129469","304","Magnesium, Mg","LCGA","115.0","mg"
"45129469","305","Phosphorus, P","LCGA","467.0","mg"
"45129469","306","Potassium, K","LCGA","271.0","mg"
"45129469","307","Sodium, Na","LCGA","284.0","mg"
"45129469","309","Zinc, Zn","LCGA","1.7","mg"
"45129469","318","Vitamin A, IU","LCGA","962.0","IU"
"45129469","324","Vitamin D","LCGA","154.0","IU"
"45129469","340","Vitamin E (label entry primarily)","LCGA","6.0","IU"
"45129469","401","Vitamin C, total ascorbic acid","LCGA","23.0","mg"
"45129469","404","Thiamin","LCGA","1.0","mg"
"45129469","405","Riboflavin","LCGA","0.65","mg"
"45129469","406","Niacin","LCGA","7.7","mg"
"45129469","415","Vitamin B-6","LCGA","0.77","mg"
"45129469","417","Folate, total","LCGA","154.0","mcg"
"45129469","418","Vitamin B-12","LCGA","1.2","mcg"
"45129469","601","Cholesterol","LCGA","0.0","mg"
"45129469","605","Fatty acids, total trans","LCGA","0.0","g"
"45129469","606","Fatty acids, total saturated","LCGA","1.1","g"
"45129469","645","Fatty acids, total monounsaturated","LCGA","3.8","g"
"45129469","646","Fatty acids, total polyunsaturated","LCGA","2.6","g"
"45129467","203","Protein","LCGA","15.4","g"
"45129467","204","Total lipid (fat)","LCGA","9.9","g"
"45129467","205","Carbohydrate, by difference","LCGA","62.1","g"
"45129467","207","Ash","LCGA","5.0","g"
"45129467","255","Water","LCGA","7.6","g"
"45129467","269","Sugars, total","LCGA","22.0","g"
"45129467","291","Fiber, total dietary","LCGA","9.3","g"
"45129467","295","Fiber, soluble","LCGA","2.0","g"
"45129467","297","Fiber, insoluble","LCGA","7.0","g"
"45129467","301","Calcium, Ca","LCGA","385.0","mg"
"45129467","303","Iron, Fe","LCGA","10.4","mg"
"45129467","304","Magnesium, Mg","LCGA","115.0","mg"
"45129467","305","Phosphorus, P","LCGA","457.0","mg"
"45129467","306","Potassium, K","LCGA","320.0","mg"
"45129467","307","Sodium, Na","LCGA","266.0","mg"
"45129467","309","Zinc, Zn","LCGA","1.8","mg"
"45129467","318","Vitamin A, IU","LCGA","962.0","IU"
"45129467","324","Vitamin D","LCGA","154.0","IU"
"45129467","340","Vitamin E (label entry primarily)","LCGA","6.0","IU"
"45129467","401","Vitamin C, total ascorbic acid","LCGA","23.0","mg"
"45129467","404","Thiamin","LCGA","1.0","mg"
"45129467","405","Riboflavin","LCGA","0.65","mg"
"45129467","406","Niacin","LCGA","7.7","mg"
"45129467","415","Vitamin B-6","LCGA","0.77","mg"
"45129467","417","Folate, total","LCGA","154.0","mcg"
"45129467","418","Vitamin B-12","LCGA","1.2","mcg"
"45129467","601","Cholesterol","LCGA","0.0","mg"
"45129467","605","Fatty acids, total trans","LCGA","0.0","g"
"45129467","606","Fatty acids, total saturated","LCGA","1.2","g"
"45129467","645","Fatty acids, total monounsaturated","LCGA","4.8","g"
"45129467","646","Fatty acids, total polyunsaturated","LCGA","3.0","g"
"45129282","203","Protein","LCGE","12.0","g"
"45129282","204","Total lipid (fat)","LCGE","7.0","g"
"45129282","205","Carbohydrate, by difference","LCGE","1.0","g"
"45129282","269","Sugars, total","LCGE","0.0","g"
"45129282","291","Fiber, total dietary","LCGE","0.0","g"
"45129282","307","Sodium, Na","LCGE","470.0","mg"
"45129282","401","Vitamin C, total ascorbic acid","LCGE","0.0","mg"
"45129282","601","Cholesterol","LCGE","45.0","mg"
"45129282","605","Fatty acids, total trans","LCGE","0.0","g"
"45129282","606","Fatty acids, total saturated","LCGE","2.0","g"
"45128736","203","Protein","LCGA","14.1","g"
"45128736","204","Total lipid (fat)","LCGA","5.8","g"
"45128736","205","Carbohydrate, by difference","LCGA","18.1","g"
"45128736","207","Ash","LCGA","2.2","g"
"45128736","255","Water","LCGA","59.8","g"
"45128736","269","Sugars, total","LCGA","1.9","g"
"45128736","291","Fiber, total dietary","LCGA","6.8","g"
"45128736","295","Fiber, soluble","LCGA","1.0","g"
"45128736","297","Fiber, insoluble","LCGA","6.0","g"
"45128736","301","Calcium, Ca","LCGA","80.0","mg"
"45128736","303","Iron, Fe","LCGA","1.5","mg"
"45128736","304","Magnesium, Mg","LCGA","35.0","mg"
"45128736","305","Phosphorus, P","LCGA","90.0","mg"
"45128736","306","Potassium, K","LCGA","321.0","mg"
"45128736","307","Sodium, Na","LCGA","452.0","mg"
"45128736","309","Zinc, Zn","LCGA","0.4","mg"
"45128736","318","Vitamin A, IU","LCGA","0.0","IU"
"45128736","324","Vitamin D","LCGA","0.0","IU"
"45128736","340","Vitamin E (label entry primarily)","LCGA","0.0","IU"
"45128736","401","Vitamin C, total ascorbic acid","LCGA","0.0","mg"
"45128736","404","Thiamin","LCGA","0.0","mg"
"45128736","405","Riboflavin","LCGA","0.13","mg"
"45128736","406","Niacin","LCGA","0.6","mg"
"45128736","415","Vitamin B-6","LCGA","0.05","mg"
"45128736","417","Folate, total","LCGA","22.0","mcg"
"45128736","418","Vitamin B-12","LCGA","0.0","mcg"
"45128736","601","Cholesterol","LCGA","1.0","mg"
"45128736","605","Fatty acids, total trans","LCGA","0.1","g"
"45128736","606","Fatty acids, total saturated","LCGA","0.8","g"
"45128736","645","Fatty acids, total monounsaturated","LCGA","1.4","g"
"45128736","646","Fatty acids, total polyunsaturated","LCGA","3.1","g"
"45129393","203","Protein","LCGA","14.1","g"
"45129393","204","Total lipid (fat)","LCGA","5.8","g"
"45129393","205","Carbohydrate, by difference","LCGA","18.1","g"
"45129393","207","Ash","LCGA","2.2","g"
"45129393","255","Water","LCGA","59.8","g"
"45129393","269","Sugars, total","LCGA","1.9","g"
"45129393","291","Fiber, total dietary","LCGA","6.8","g"
"45129393","295","Fiber, soluble","LCGA","1.0","g"
"45129393","297","Fiber, insoluble","LCGA","6.0","g"
"45129393","301","Calcium, Ca","LCGA","80.0","mg"
"45129393","303","Iron, Fe","LCGA","1.5","mg"
"45129393","304","Magnesium, Mg","LCGA","35.0","mg"
"45129393","305","Phosphorus, P","LCGA","90.0","mg"
"45129393","306","Potassium, K","LCGA","321.0","mg"
"45129393","307","Sodium, Na","LCGA","452.0","mg"
"45129393","309","Zinc, Zn","LCGA","0.4","mg"
"45129393","318","Vitamin A, IU","LCGA","0.0","IU"
"45129393","324","Vitamin D","LCGA","0.0","IU"
"45129393","340","Vitamin E (label entry primarily)","LCGA","0.0","IU"
"45129393","401","Vitamin C, total ascorbic acid","LCGA","0.0","mg"
"45129393","404","Thiamin","LCGA","0.0","mg"
"45129393","405","Riboflavin","LCGA","0.13","mg"
"45129393","406","Niacin","LCGA","0.6","mg"
"45129393","415","Vitamin B-6","LCGA","0.05","mg"
"45129393","417","Folate, total","LCGA","22.0","mcg"
"45129393","418","Vitamin B-12","LCGA","0.0","mcg"
"45129393","601","Cholesterol","LCGA","1.0","mg"
"45129393","605","Fatty acids, total trans","LCGA","0.1","g"
"45129393","606","Fatty acids, total saturated","LCGA","0.8","g"
"45129393","645","Fatty acids, total monounsaturated","LCGA","1.4","g"
"45129393","646","Fatty acids, total polyunsaturated","LCGA","3.1","g"
"45127967","203","Protein","LCGA","15.8","g"
"45127967","204","Total lipid (fat)","LCGA","7.4","g"
"45127967","205","Carbohydrate, by difference","LCGA","18.8","g"
"45127967","207","Ash","LCGA","2.5","g"
"45127967","255","Water","LCGA","55.5","g"
"45127967","269","Sugars, total","LCGA","1.3","g"
"45127967","291","Fiber, total dietary","LCGA","9.1","g"
"45127967","295","Fiber, soluble","LCGA","1.0","g"
"45127967","297","Fiber, insoluble","LCGA","8.0","g"
"45127967","301","Calcium, Ca","LCGA","97.0","mg"
"45127967","303","Iron, Fe","LCGA","1.9","mg"
"45127967","304","Magnesium, Mg","LCGA","18.0","mg"
"45127967","305","Phosphorus, P","LCGA","75.0","mg"
"45127967","306","Potassium, K","LCGA","293.0","mg"
"45127967","307","Sodium, Na","LCGA","374.0","mg"
"45127967","309","Zinc, Zn","LCGA","0.5","mg"
"45127967","318","Vitamin A, IU","LCGA","0.0","IU"
"45127967","324","Vitamin D","LCGA","0.0","IU"
"45127967","340","Vitamin E (label entry primarily)","LCGA","0.0","IU"
"45127967","401","Vitamin C, total ascorbic acid","LCGA","0.0","mg"
"45127967","404","Thiamin","LCGA","0.0","mg"
"45127967","405","Riboflavin","LCGA","0.17","mg"
"45127967","406","Niacin","LCGA","0.3","mg"
"45127967","415","Vitamin B-6","LCGA","0.03","mg"
"45127967","417","Folate, total","LCGA","28.0","mcg"
"45127967","418","Vitamin B-12","LCGA","0.0","mcg"
"45127967","601","Cholesterol","LCGA","2.0","mg"
"45127967","605","Fatty acids, total trans","LCGA","0.1","g"
"45127967","606","Fatty acids, total saturated","LCGA","1.1","g"
"45127967","645","Fatty acids, total monounsaturated","LCGA","1.5","g"
"45127967","646","Fatty acids, total polyunsaturated","LCGA","3.4","g"
"45128728","203","Protein","LCGA","16.4","g"
"45128728","204","Total lipid (fat)","LCGA","6.3","g"
"45128728","205","Carbohydrate, by difference","LCGA","15.5","g"
"45128728","207","Ash","LCGA","0.2","g"
"45128728","255","Water","LCGA","61.6","g"
"45128728","269","Sugars, total","LCGA","1.7","g"
"45128728","291","Fiber, total dietary","LCGA","3.3","g"
"45128728","295","Fiber, soluble","LCGA","1.0","g"
"45128728","297","Fiber, insoluble","LCGA","2.0","g"
"45128728","301","Calcium, Ca","LCGA","86.0","mg"
"45128728","303","Iron, Fe","LCGA","1.5","mg"
"45128728","304","Magnesium, Mg","LCGA","12.0","mg"
"45128728","305","Phosphorus, P","LCGA","60.0","mg"
"45128728","306","Potassium, K","LCGA","254.0","mg"
"45128728","307","Sodium, Na","LCGA","537.0","mg"
"45128728","309","Zinc, Zn","LCGA","0.3","mg"
"45128728","318","Vitamin A, IU","LCGA","0.0","IU"
"45128728","324","Vitamin D","LCGA","0.0","IU"
"45128728","340","Vitamin E (label entry primarily)","LCGA","0.0","IU"
"45128728","401","Vitamin C, total ascorbic acid","LCGA","0.0","mg"
"45128728","404","Thiamin","LCGA","0.0","mg"
"45128728","405","Riboflavin","LCGA","0.2","mg"
"45128728","406","Niacin","LCGA","0.3","mg"
"45128728","415","Vitamin B-6","LCGA","0.02","mg"
"45128728","417","Folate, total","LCGA","5.0","mcg"
"45128728","418","Vitamin B-12","LCGA","0.0","mcg"
"45128728","601","Cholesterol","LCGA","2.0","mg"
"45128728","605","Fatty acids, total trans","LCGA","0.0","g"
"45128728","606","Fatty acids, total saturated","LCGA","0.9","g"
"45128728","645","Fatty acids, total monounsaturated","LCGA","1.7","g"
"45128728","646","Fatty acids, total polyunsaturated","LCGA","3.4","g"
"45244107","203","Protein","LCGA","7.5","g"
"45244107","204","Total lipid (fat)","LCGA","0.4","g"
"45244107","205","Carbohydrate, by difference","LCGA","84.4","g"
"45244107","207","Ash","LCGA","4.7","g"
"45244107","255","Water","LCGA","3.0","g"
"45244107","269","Sugars, total","LCGA","9.3","g"
"45244107","291","Fiber, total dietary","LCGA","1.2","g"
"45244107","295","Fiber, soluble","LCGA","0.0","g"
"45244107","297","Fiber, insoluble","LCGA","1.0","g"
"45244107","301","Calcium, Ca","LCGA","6.0","mg"
"45244107","303","Iron, Fe","LCGA","13.3","mg"
"45244107","304","Magnesium, Mg","LCGA","40.0","mg"
"45244107","305","Phosphorus, P","LCGA","87.0","mg"
"45244107","306","Potassium, K","LCGA","169.0","mg"
"45244107","307","Sodium, Na","LCGA","638.0","mg"
"45244107","309","Zinc, Zn","LCGA","1.0","mg"
"45244107","312","Copper, Cu","LCGA","0.0","mg"
"45244107","315","Manganese, Mn","LCGA","0.0","mg"
"45244107","317","Selenium, Se","LCGA","0.0","mcg"
"45244107","318","Vitamin A, IU","LCGA","0.0","IU"
"45244107","324","Vitamin D","LCGA","0.0","IU"
"45244107","340","Vitamin E (label entry primarily)","LCGA","0.0","IU"
"45244107","401","Vitamin C, total ascorbic acid","LCGA","0.0","mg"
"45244107","404","Thiamin","LCGA","2.0","mg"
"45244107","405","Riboflavin","LCGA","2.6","mg"
"45244107","406","Niacin","LCGA","4.8","mg"
"45244107","410","Pantothenic acid","LCGA","1.6","mg"
"45244107","415","Vitamin B-6","LCGA","0.6","mg"
"45244107","417","Folate, total","LCGA","60.0","mcg"
"45244107","418","Vitamin B-12","LCGA","0.0","mcg"
"45244107","601","Cholesterol","LCGA","0.0","mg"
"45244107","605","Fatty acids, total trans","LCGA","0.0","g"
"45244107","606","Fatty acids, total saturated","LCGA","0.1","g"
"45244107","645","Fatty acids, total monounsaturated","LCGA","0.1","g"
"45244107","646","Fatty acids, total polyunsaturated","LCGA","0.2","g"
"45128005","203","Protein","LCGA","12.8","g"
"45128005","204","Total lipid (fat)","LCGA","9.0","g"
"45128005","205","Carbohydrate, by difference","LCGA","26.2","g"
"45128005","207","Ash","LCGA","2.1","g"
"45128005","255","Water","LCGA","49.9","g"
"45128005","269","Sugars, total","LCGA","2.5","g"
"45128005","291","Fiber, total dietary","LCGA","4.3","g"
"45128005","295","Fiber, soluble","LCGA","1.0","g"
"45128005","297","Fiber, insoluble","LCGA","3.0","g"
"45128005","301","Calcium, Ca","LCGA","52.0","mg"
"45128005","303","Iron, Fe","LCGA","3.0","mg"
"45128005","304","Magnesium, Mg","LCGA","35.0","mg"
"45128005","305","Phosphorus, P","LCGA","133.0","mg"
"45128005","306","Potassium, K","LCGA","346.0","mg"
"45128005","307","Sodium, Na","LCGA","456.0","mg"
"45128005","309","Zinc, Zn","LCGA","0.6","mg"
"45128005","318","Vitamin A, IU","LCGA","35.0","IU"
"45128005","324","Vitamin D","LCGA","0.0","IU"
"45128005","340","Vitamin E (label entry primarily)","LCGA","1.0","IU"
"45128005","401","Vitamin C, total ascorbic acid","LCGA","0.0","mg"
"45128005","404","Thiamin","LCGA","0.0","mg"
"45128005","405","Riboflavin","LCGA","0.1","mg"
"45128005","406","Niacin","LCGA","3.6","mg"
"45128005","415","Vitamin B-6","LCGA","0.2","mg"
"45128005","417","Folate, total","LCGA","1.0","mcg"
"45128005","418","Vitamin B-12","LCGA","1.7","mcg"
"45128005","601","Cholesterol","LCGA","0.0","mg"
"45128005","605","Fatty acids, total trans","LCGA","0.1","g"
"45128005","606","Fatty acids, total saturated","LCGA","1.3","g"
"45128005","645","Fatty acids, total monounsaturated","LCGA","2.4","g"
"45128005","646","Fatty acids, total polyunsaturated","LCGA","4.8","g"
"45128029","203","Protein","LCGA","22.1","g"
"45128029","204","Total lipid (fat)","LCGA","7.7","g"
"45128029","205","Carbohydrate, by difference","LCGA","14.4","g"
"45128029","207","Ash","LCGA","2.6","g"
"45128029","255","Water","LCGA","53.2","g"
"45128029","269","Sugars, total","LCGA","6.1","g"
"45128029","291","Fiber, total dietary","LCGA","3.3","g"
"45128029","295","Fiber, soluble","LCGA","1.0","g"
"45128029","297","Fiber, insoluble","LCGA","2.0","g"
"45128029","301","Calcium, Ca","LCGA","39.0","mg"
"45128029","303","Iron, Fe","LCGA","4.3","mg"
"45128029","304","Magnesium, Mg","LCGA","24.0","mg"
"45128029","305","Phosphorus, P","LCGA","232.0","mg"
"45128029","306","Potassium, K","LCGA","280.0","mg"
"45128029","307","Sodium, Na","LCGA","656.0","mg"
"45128029","309","Zinc, Zn","LCGA","0.5","mg"
"45128029","318","Vitamin A, IU","LCGA","15.0","IU"
"45128029","324","Vitamin D","LCGA","0.0","IU"
"45128029","340","Vitamin E (label entry primarily)","LCGA","0.0","IU"
"45128029","401","Vitamin C, total ascorbic acid","LCGA","0.0","mg"
"45128029","404","Thiamin","LCGA","5.0","mg"
"45128029","405","Riboflavin","LCGA","0.27","mg"
"45128029","406","Niacin","LCGA","9.8","mg"
"45128029","415","Vitamin B-6","LCGA","0.71","mg"
"45128029","417","Folate, total","LCGA","4.0","mcg"
"45128029","418","Vitamin B-12","LCGA","7.0","mcg"
"45128029","601","Cholesterol","LCGA","1.0","mg"
"45128029","605","Fatty acids, total trans","LCGA","0.1","g"
"45128029","606","Fatty acids, total saturated","LCGA","1.0","g"
"45128029","645","Fatty acids, total monounsaturated","LCGA","1.7","g"
"45128029","646","Fatty acids, total polyunsaturated","LCGA","4.2","g"
"45127783","203","Protein","LCGA","11.0","g"
"45127783","204","Total lipid (fat)","LCGA","17.0","g"
"45127783","205","Carbohydrate, by difference","LCGA","65.3","g"
"45127783","207","Ash","LCGA","3.4","g"
"45127783","255","Water","LCGA","3.3","g"
"45127783","269","Sugars, total","LCGA","10.8","g"
"45127783","291","Fiber, total dietary","LCGA","13.5","g"
"45127783","295","Fiber, soluble","LCGA","5.0","g"
"45127783","297","Fiber, insoluble","LCGA","2.0","g"
"45127783","301","Calcium, Ca","LCGA","112.0","mg"
"45127783","303","Iron, Fe","LCGA","3.9","mg"
"45127783","304","Magnesium, Mg","LCGA","34.0","mg"
"45127783","305","Phosphorus, P","LCGA","206.0","mg"
"45127783","306","Potassium, K","LCGA","330.0","mg"
"45127783","307","Sodium, Na","LCGA","544.0","mg"
"45127783","309","Zinc, Zn","LCGA","0.4","mg"
"45127783","318","Vitamin A, IU","LCGA","110.0","IU"
"45127783","324","Vitamin D","LCGA","0.0","IU"
"45127783","340","Vitamin E (label entry primarily)","LCGA","7.0","IU"
"45127783","401","Vitamin C, total ascorbic acid","LCGA","3.0","mg"
"45127783","404","Thiamin","LCGA","0.0","mg"
"45127783","405","Riboflavin","LCGA","0.02","mg"
"45127783","406","Niacin","LCGA","0.9","mg"
"45127783","415","Vitamin B-6","LCGA","0.06","mg"
"45127783","417","Folate, total","LCGA","15.0","mcg"
"45127783","418","Vitamin B-12","LCGA","0.0","mcg"
"45127783","601","Cholesterol","LCGA","0.0","mg"
"45127783","605","Fatty acids, total trans","LCGA","0.1","g"
"45127783","606","Fatty acids, total saturated","LCGA","2.0","g"
"45127783","645","Fatty acids, total monounsaturated","LCGA","11.0","g"
"45127783","646","Fatty acids, total polyunsaturated","LCGA","2.5","g"
"45128644","203","Protein","LCGA","15.9","g"
"45128644","204","Total lipid (fat)","LCGA","13.6","g"
"45128644","205","Carbohydrate, by difference","LCGA","57.6","g"
"45128644","207","Ash","LCGA","2.9","g"
"45128644","255","Water","LCGA","10.0","g"
"45128644","269","Sugars, total","LCGA","16.0","g"
"45128644","291","Fiber, total dietary","LCGA","9.7","g"
"45128644","295","Fiber, soluble","LCGA","3.0","g"
"45128644","297","Fiber, insoluble","LCGA","4.0","g"
"45128644","301","Calcium, Ca","LCGA","112.0","mg"
"45128644","303","Iron, Fe","LCGA","3.1","mg"
"45128644","304","Magnesium, Mg","LCGA","83.0","mg"
"45128644","305","Phosphorus, P","LCGA","283.0","mg"
"45128644","306","Potassium, K","LCGA","544.0","mg"
"45128644","307","Sodium, Na","LCGA","168.0","mg"
"45128644","309","Zinc, Zn","LCGA","0.5","mg"
"45128644","318","Vitamin A, IU","LCGA","15.0","IU"
"45128644","324","Vitamin D","LCGA","0.0","IU"
"45128644","340","Vitamin E (label entry primarily)","LCGA","3.0","IU"
"45128644","401","Vitamin C, total ascorbic acid","LCGA","0.0","mg"
"45128644","404","Thiamin","LCGA","0.0","mg"
"45128644","405","Riboflavin","LCGA","0.13","mg"
"45128644","406","Niacin","LCGA","0.6","mg"
"45128644","415","Vitamin B-6","LCGA","0.02","mg"
"45128644","417","Folate, total","LCGA","4.0","mcg"
"45128644","418","Vitamin B-12","LCGA","0.0","mcg"
"45128644","601","Cholesterol","LCGA","0.0","mg"
"45128644","605","Fatty acids, total trans","LCGA","0.0","g"
"45128644","606","Fatty acids, total saturated","LCGA","1.2","g"
"45128644","645","Fatty acids, total monounsaturated","LCGA","7.3","g"
"45128644","646","Fatty acids, total polyunsaturated","LCGA","4.2","g"
"45127787","203","Protein","LCGA","14.0","g"
"45127787","204","Total lipid (fat)","LCGA","14.3","g"
"45127787","205","Carbohydrate, by difference","LCGA","58.8","g"
"45127787","207","Ash","LCGA","2.9","g"
"45127787","255","Water","LCGA","10.0","g"
"45127787","269","Sugars, total","LCGA","19.1","g"
"45127787","291","Fiber, total dietary","LCGA","9.5","g"
"45127787","295","Fiber, soluble","LCGA","3.0","g"
"45127787","297","Fiber, insoluble","LCGA","3.0","g"
"45127787","301","Calcium, Ca","LCGA","107.0","mg"
"45127787","303","Iron, Fe","LCGA","2.8","mg"
"45127787","304","Magnesium, Mg","LCGA","78.0","mg"
"45127787","305","Phosphorus, P","LCGA","259.0","mg"
"45127787","306","Potassium, K","LCGA","500.0","mg"
"45127787","307","Sodium, Na","LCGA","153.0","mg"
"45127787","309","Zinc, Zn","LCGA","0.5","mg"
"45127787","318","Vitamin A, IU","LCGA","16.0","IU"
"45127787","324","Vitamin D","LCGA","0.0","IU"
"45127787","340","Vitamin E (label entry primarily)","LCGA","3.0","IU"
"45127787","401","Vitamin C, total ascorbic acid","LCGA","0.0","mg"
"45127787","404","Thiamin","LCGA","0.0","mg"
"45127787","405","Riboflavin","LCGA","0.14","mg"
"45127787","406","Niacin","LCGA","0.7","mg"
"45127787","415","Vitamin B-6","LCGA","0.03","mg"
"45127787","417","Folate, total","LCGA","5.0","mcg"
"45127787","418","Vitamin B-12","LCGA","0.0","mcg"
"45127787","601","Cholesterol","LCGA","0.0","mg"
"45127787","605","Fatty acids, total trans","LCGA","0.0","g"
"45127787","606","Fatty acids, total saturated","LCGA","1.4","g"
"45127787","645","Fatty acids, total monounsaturated","LCGA","7.8","g"
"45127787","646","Fatty acids, total polyunsaturated","LCGA","4.3","g"
"45128646","203","Protein","LCGA","16.7","g"
"45128646","204","Total lipid (fat)","LCGA","14.3","g"
"45128646","205","Carbohydrate, by difference","LCGA","56.3","g"
"45128646","207","Ash","LCGA","2.8","g"
"45128646","255","Water","LCGA","9.9","g"
"45128646","269","Sugars, total","LCGA","13.6","g"
"45128646","291","Fiber, total dietary","LCGA","9.4","g"
"45128646","295","Fiber, soluble","LCGA","3.0","g"
"45128646","297","Fiber, insoluble","LCGA","5.0","g"
"45128646","301","Calcium, Ca","LCGA","66.0","mg"
"45128646","303","Iron, Fe","LCGA","2.8","mg"
"45128646","304","Magnesium, Mg","LCGA","72.0","mg"
"45128646","305","Phosphorus, P","LCGA","286.0","mg"
"45128646","306","Potassium, K","LCGA","556.0","mg"
"45128646","307","Sodium, Na","LCGA","122.0","mg"
"45128646","309","Zinc, Zn","LCGA","0.6","mg"
"45128646","318","Vitamin A, IU","LCGA","13.0","IU"
"45128646","324","Vitamin D","LCGA","0.0","IU"
"45128646","340","Vitamin E (label entry primarily)","LCGA","2.0","IU"
"45128646","401","Vitamin C, total ascorbic acid","LCGA","0.0","mg"
"45128646","404","Thiamin","LCGA","0.0","mg"
"45128646","405","Riboflavin","LCGA","0.02","mg"
"45128646","406","Niacin","LCGA","2.8","mg"
"45128646","415","Vitamin B-6","LCGA","0.0","mg"
"45128646","417","Folate, total","LCGA","31.0","mcg"
"45128646","418","Vitamin B-12","LCGA","0.0","mcg"
"45128646","601","Cholesterol","LCGA","0.0","mg"
"45128646","605","Fatty acids, total trans","LCGA","0.0","g"
"45128646","606","Fatty acids, total saturated","LCGA","2.1","g"
"45128646","645","Fatty acids, total monounsaturated","LCGA","6.4","g"
"45128646","646","Fatty acids, total polyunsaturated","LCGA","4.5","g"
"45127269","203","Protein","LCGA","4.9","g"
"45127269","204","Total lipid (fat)","LCGA","9.3","g"
"45127269","205","Carbohydrate, by difference","LCGA","71.0","g"
"45127269","207","Ash","LCGA","2.0","g"
"45127269","255","Water","LCGA","12.8","g"
"45127269","269","Sugars, total","LCGA","36.5","g"
"45127269","291","Fiber, total dietary","LCGA","2.1","g"
"45127269","295","Fiber, soluble","LCGA","1.0","g"
"45127269","297","Fiber, insoluble","LCGA","0.0","g"
"45127269","301","Calcium, Ca","LCGA","192.0","mg"
"45127269","303","Iron, Fe","LCGA","3.5","mg"
"45127269","304","Magnesium, Mg","LCGA","24.0","mg"
"45127269","305","Phosphorus, P","LCGA","99.0","mg"
"45127269","306","Potassium, K","LCGA","184.0","mg"
"45127269","307","Sodium, Na","LCGA","439.0","mg"
"45127269","309","Zinc, Zn","LCGA","0.5","mg"
"45127269","318","Vitamin A, IU","LCGA","962.0","IU"
"45127269","324","Vitamin D","LCGA","0.0","IU"
"45127269","340","Vitamin E (label entry primarily)","LCGA","0.0","IU"
"45127269","401","Vitamin C, total ascorbic acid","LCGA","0.0","mg"
"45127269","404","Thiamin","LCGA","0.0","mg"
"45127269","405","Riboflavin","LCGA","0.33","mg"
"45127269","406","Niacin","LCGA","3.8","mg"
"45127269","415","Vitamin B-6","LCGA","0.38","mg"
"45127269","417","Folate, total","LCGA","55.0","mcg"
"45127269","418","Vitamin B-12","LCGA","0.0","mcg"
"45127269","601","Cholesterol","LCGA","0.0","mg"
"45127269","605","Fatty acids, total trans","LCGA","0.2","g"
"45127269","606","Fatty acids, total saturated","LCGA","3.2","g"
"45127269","645","Fatty acids, total monounsaturated","LCGA","2.0","g"
"45127269","646","Fatty acids, total polyunsaturated","LCGA","3.2","g"
"45128606","203","Protein","LCGA","12.8","g"
"45128606","204","Total lipid (fat)","LCGA","9.0","g"
"45128606","205","Carbohydrate, by difference","LCGA","26.2","g"
"45128606","207","Ash","LCGA","2.1","g"
"45128606","255","Water","LCGA","49.9","g"
"45128606","269","Sugars, total","LCGA","2.5","g"
"45128606","291","Fiber, total dietary","LCGA","4.3","g"
"45128606","295","Fiber, soluble","LCGA","1.0","g"
"45128606","297","Fiber, insoluble","LCGA","3.0","g"
"45128606","301","Calcium, Ca","LCGA","52.0","mg"
"45128606","303","Iron, Fe","LCGA","3.0","mg"
"45128606","304","Magnesium, Mg","LCGA","35.0","mg"
"45128606","305","Phosphorus, P","LCGA","133.0","mg"
"45128606","306","Potassium, K","LCGA","346.0","mg"
"45128606","307","Sodium, Na","LCGA","456.0","mg"
"45128606","309","Zinc, Zn","LCGA","0.6","mg"
"45128606","318","Vitamin A, IU","LCGA","35.0","IU"
"45128606","324","Vitamin D","LCGA","0.0","IU"
"45128606","340","Vitamin E (label entry primarily)","LCGA","1.0","IU"
"45128606","401","Vitamin C, total ascorbic acid","LCGA","0.0","mg"
"45128606","404","Thiamin","LCGA","0.0","mg"
"45128606","405","Riboflavin","LCGA","0.1","mg"
"45128606","406","Niacin","LCGA","3.6","mg"
"45128606","415","Vitamin B-6","LCGA","0.2","mg"
"45128606","417","Folate, total","LCGA","1.0","mcg"
"45128606","418","Vitamin B-12","LCGA","1.7","mcg"
"45128606","601","Cholesterol","LCGA","0.0","mg"
"45128606","605","Fatty acids, total trans","LCGA","0.1","g"
"45128606","606","Fatty acids, total saturated","LCGA","1.3","g"
"45128606","645","Fatty acids, total monounsaturated","LCGA","2.4","g"
"45128606","646","Fatty acids, total polyunsaturated","LCGA","4.8","g"
"45129783","203","Protein","LCGA","3.3","g"
"45129783","204","Total lipid (fat)","LCGA","0.3","g"
"45129783","205","Carbohydrate, by difference","LCGA","75.5","g"
"45129783","207","Ash","LCGA","1.9","g"
"45129783","255","Water","LCGA","19.0","g"
"45129783","269","Sugars, total","LCGA","51.9","g"
"45129783","291","Fiber, total dietary","LCGA","0.3","g"
"45129783","295","Fiber, soluble","LCGA","0.0","g"
"45129783","297","Fiber, insoluble","LCGA","0.0","g"
"45129783","301","Calcium, Ca","LCGA","9.0","mg"
"45129783","303","Iron, Fe","LCGA","0.2","mg"
"45129783","304","Magnesium, Mg","LCGA","1.0","mg"
"45129783","305","Phosphorus, P","LCGA","7.0","mg"
"45129783","306","Potassium, K","LCGA","1.0","mg"
"45129783","307","Sodium, Na","LCGA","21.0","mg"
"45129783","309","Zinc, Zn","LCGA","0.2","mg"
"45129783","318","Vitamin A, IU","LCGA","15.0","IU"
"45129783","324","Vitamin D","LCGA","0.0","IU"
"45129783","340","Vitamin E (label entry primarily)","LCGA","0.0","IU"
"45129783","401","Vitamin C, total ascorbic acid","LCGA","273.0","mg"
"45129783","404","Thiamin","LCGA","0.0","mg"
"45129783","405","Riboflavin","LCGA","0.01","mg"
"45129783","406","Niacin","LCGA","0.0","mg"
"45129783","415","Vitamin B-6","LCGA","0.01","mg"
"45129783","417","Folate, total","LCGA","0.0","mcg"
"45129783","418","Vitamin B-12","LCGA","0.1","mcg"
"45129783","601","Cholesterol","LCGA","0.0","mg"
"45129783","605","Fatty acids, total trans","LCGA","0.0","g"
"45129783","606","Fatty acids, total saturated","LCGA","0.2","g"
"45129783","645","Fatty acids, total monounsaturated","LCGA","0.0","g"
"45129783","646","Fatty acids, total polyunsaturated","LCGA","0.0","g"
"45129657","203","Protein","LCGA","3.3","g"
"45129657","204","Total lipid (fat)","LCGA","0.3","g"
"45129657","205","Carbohydrate, by difference","LCGA","75.5","g"
"45129657","207","Ash","LCGA","1.9","g"
"45129657","255","Water","LCGA","19.0","g"
"45129657","269","Sugars, total","LCGA","51.9","g"
"45129657","291","Fiber, total dietary","LCGA","0.3","g"
"45129657","295","Fiber, soluble","LCGA","0.0","g"
"45129657","297","Fiber, insoluble","LCGA","0.0","g"
"45129657","301","Calcium, Ca","LCGA","9.0","mg"
"45129657","303","Iron, Fe","LCGA","0.2","mg"
"45129657","304","Magnesium, Mg","LCGA","1.0","mg"
"45129657","305","Phosphorus, P","LCGA","7.0","mg"
"45129657","306","Potassium, K","LCGA","1.0","mg"
"45129657","307","Sodium, Na","LCGA","21.0","mg"
"45129657","309","Zinc, Zn","LCGA","0.2","mg"
"45129657","318","Vitamin A, IU","LCGA","15.0","IU"
"45129657","324","Vitamin D","LCGA","0.0","IU"
"45129657","340","Vitamin E (label entry primarily)","LCGA","0.0","IU"
"45129657","401","Vitamin C, total ascorbic acid","LCGA","273.0","mg"
"45129657","404","Thiamin","LCGA","0.0","mg"
"45129657","405","Riboflavin","LCGA","0.01","mg"
"45129657","406","Niacin","LCGA","0.0","mg"
"45129657","415","Vitamin B-6","LCGA","0.01","mg"
"45129657","417","Folate, total","LCGA","0.0","mcg"
"45129657","418","Vitamin B-12","LCGA","0.1","mcg"
"45129657","601","Cholesterol","LCGA","0.0","mg"
"45129657","605","Fatty acids, total trans","LCGA","0.0","g"
"45129657","606","Fatty acids, total saturated","LCGA","0.2","g"
"45129657","645","Fatty acids, total monounsaturated","LCGA","0.0","g"
"45129657","646","Fatty acids, total polyunsaturated","LCGA","0.0","g"
"45127723","203","Protein","LCGA","5.9","g"
"45127723","204","Total lipid (fat)","LCGA","3.3","g"
"45127723","205","Carbohydrate, by difference","LCGA","22.1","g"
"45127723","207","Ash","LCGA","3.2","g"
"45127723","255","Water","LCGA","65.5","g"
"45127723","269","Sugars, total","LCGA","1.2","g"
"45127723","291","Fiber, total dietary","LCGA","7.1","g"
"45127723","295","Fiber, soluble","LCGA","6.0","g"
"45127723","297","Fiber, insoluble","LCGA","1.0","g"
"45127723","301","Calcium, Ca","LCGA","67.0","mg"
"45127723","303","Iron, Fe","LCGA","0.7","mg"
"45127723","304","Magnesium, Mg","LCGA","28.0","mg"
"45127723","305","Phosphorus, P","LCGA","98.0","mg"
"45127723","306","Potassium, K","LCGA","176.0","mg"
"45127723","307","Sodium, Na","LCGA","633.0","mg"
"45127723","309","Zinc, Zn","LCGA","0.4","mg"
"45127723","318","Vitamin A, IU","LCGA","0.0","IU"
"45127723","324","Vitamin D","LCGA","0.0","IU"
"45127723","340","Vitamin E (label entry primarily)","LCGA","0.0","IU"
"45127723","401","Vitamin C, total ascorbic acid","LCGA","0.0","mg"
"45127723","404","Thiamin","LCGA","0.0","mg"
"45127723","405","Riboflavin","LCGA","0.06","mg"
"45127723","406","Niacin","LCGA","1.0","mg"
"45127723","415","Vitamin B-6","LCGA","0.1","mg"
"45127723","417","Folate, total","LCGA","21.0","mcg"
"45127723","418","Vitamin B-12","LCGA","0.0","mcg"
"45127723","601","Cholesterol","LCGA","4.0","mg"
"45127723","605","Fatty acids, total trans","LCGA","0.0","g"
"45127723","606","Fatty acids, total saturated","LCGA","1.1","g"
"45127723","645","Fatty acids, total monounsaturated","LCGA","1.0","g"
"45127723","646","Fatty acids, total polyunsaturated","LCGA","0.7","g"
"45128035","203","Protein","LCGA","23.9","g"
"45128035","204","Total lipid (fat)","LCGA","9.3","g"
"45128035","205","Carbohydrate, by difference","LCGA","8.5","g"
"45128035","207","Ash","LCGA","2.7","g"
"45128035","255","Water","LCGA","55.6","g"
"45128035","269","Sugars, total","LCGA","1.2","g"
"45128035","291","Fiber, total dietary","LCGA","4.4","g"
"45128035","301","Calcium, Ca","LCGA","61.0","mg"
"45128035","303","Iron, Fe","LCGA","4.2","mg"
"45128035","305","Phosphorus, P","LCGA","185.0","mg"
"45128035","306","Potassium, K","LCGA","182.0","mg"
"45128035","307","Sodium, Na","LCGA","422.0","mg"
"45128035","309","Zinc, Zn","LCGA","1.2","mg"
"45128035","318","Vitamin A, IU","LCGA","0.0","IU"
"45128035","401","Vitamin C, total ascorbic acid","LCGA","0.0","mg"
"45128035","404","Thiamin","LCGA","3.0","mg"
"45128035","405","Riboflavin","LCGA","0.34","mg"
"45128035","406","Niacin","LCGA","6.4","mg"
"45128035","415","Vitamin B-6","LCGA","0.6","mg"
"45128035","418","Vitamin B-12","LCGA","4.5","mcg"
"45128035","601","Cholesterol","LCGA","3.0","mg"
